url,beds,city,date,size,type,baths,price,neighborhood,size_numeric,price_per_sqft,bed_bath_ratio,is_apartment,is_villa,is_land
https://www.99acres.com/residential-land-plot-for-sale-in-vaishnavi-urban-county-jigani-bangalore-south-89-sq-yard-to-140-sq-yard-npspid-X80116283,0.0,Bangalore,2025-02-19,799-1258 sqft,Residential land / Plot,0,2317000.0,Jigani,799.0,2899.8748399250626,0.0,0,0,1
https://www.99acres.com/2-bhk-bedroom-apartment-flat-for-sale-in-prestige-jindal-city-tumkur-road-bangalore-west-1085-sq-ft-spid-F79144279,2.0,Bangalore,2025-02-19,1085 sqft,2 BHK Flat,2,12500000.0,Tumkur Road,1085.0,11520.737316570749,0.99999950000025,1,0,0
https://www.99acres.com/sumadhura-capitol-residences-whitefield-bangalore-east-npxid-r433778,3.0,Bangalore,2025-02-19,1525-2150 sqft,"3, 4 BHK Apartment",0,23200000.0,Whitefield,1525.0,15213.114744122546,3000000.0,1,0,0
https://www.99acres.com/provident-botanico-soukya-road-bangalore-east-npxid-r424433,2.0,Bangalore,2025-02-19,658-1003 sqft,"2, 3 BHK Apartment",0,889000.0,Soukya Road,658.0,1351.0638277339456,2000000.0,1,0,0
https://www.99acres.com/kvg-superior-kalkere-bangalore-south-npxid-r438820,2.0,Bangalore,2025-02-19,1179-1449 sqft,"2, 3 BHK Apartment",0,6483000.0,Kalkere,1179.0,5498.727730705065,2000000.0,1,0,0
https://www.99acres.com/nambiar-district-25-sarjapur-road-bangalore-east-npxid-r432506,2.0,Bangalore,2025-02-19,1199-2484 sqft,"2, 3, 4 BHK Apartment",0,15000000.0,Sarjapur Road,1199.0,12510.425344028,2000000.0,1,0,0
https://www.99acres.com/mahaveer-celesse-yelahanka-bangalore-north-npxid-r263821,2.0,Bangalore,2025-02-19,794-1923 sqft,"2, 3 BHK Apartment",0,7518000.0,Yelahanka,794.0,9468.513841979202,2000000.0,1,0,0
https://www.99acres.com/keya-life-by-the-lake-hebbal-bangalore-north-npxid-r178479,4.0,Bangalore,2025-02-19,0 sqft,"4, 5 BHK Villa",0,39800000.0,Hebbal,0.0,39800000000000.0,4000000.0,0,1,0
https://www.99acres.com/amrutha-platinum-towers-whitefield-bangalore-east-npxid-r305417,2.0,Bangalore,2025-02-19,1006-1636 sqft,"2, 3 BHK Apartment",0,11100000.0,Whitefield,1006.0,11033.797205731811,2000000.0,1,0,0
https://www.99acres.com/keya-spring-bannerghatta-road-bangalore-south-npxid-r401648,2.0,Bangalore,2025-02-19,1335-2700 sqft,"2, 3, 4 BHK Apartment",0,15700000.0,Bannerghatta Road,1335.0,11760.299616658951,2000000.0,1,0,0
https://www.99acres.com/4-bhk-bedroom-apartment-flat-for-sale-in-trump-tower-sector-65-gurgaon-6050-sq-ft-r2-spid-I63419088,4.0,Gurgaon,2025-02-19,6050 sqft,4 BHK Flat,4,45018000.0,Sector 65,6050.0,7440.991734307274,0.9999997500000625,1,0,0
https://www.99acres.com/4-bhk-bedroom-apartment-flat-for-sale-in-indiabulls-centrum-park-sector-103-gurgaon-4200-sq-ft-spid-Y78047881,4.0,Gurgaon,2025-02-19,4200 sqft,4 BHK Flat,4,40100000.0,Sector 103,4200.0,9547.619045345804,0.9999997500000625,1,0,0
https://www.99acres.com/residential-land-plot-for-sale-in-rosewood-city-gurgaon-1000-sq-yard-spid-W80263135,0.0,Gurgaon,2025-02-19T04:38:38.179Z,9000 sqft,Residential land / Plot,0,45018000.0,Rosewood City,9000.0,5001.999999444222,0.0,0,0,1
https://www.99acres.com/godrej-aristocrat-sector-49-gurgaon-npxid-r419936,3.0,Gurgaon,2025-02-19T04:38:38.179Z,"967.58 - 1,751.41 sqft",3 BHK Apartment,0,45018000.0,Sector 49,967.0,46554.29157543507,3000000.0,1,0,0
https://www.99acres.com/4-bhk-bedroom-apartment-flat-for-sale-in-godrej-aristocrat-sector-49-gurgaon-1940-sq-ft-spid-U79308375,4.0,Gurgaon,2025-02-19T04:38:38.179Z,1942 sqft,4 BHK Apartment,5,45018000.0,Sector 49,1942.0,23181.256424726438,0.799999840000032,1,0,0
https://www.99acres.com/4-bhk-bedroom-apartment-flat-for-sale-in-orchid-petals-uppals-southend-gurgaon-2562-sq-ft-spid-F79012087,4.0,Gurgaon,2025-02-19T04:38:38.179Z,2562 sqft,4 BHK Flat,4,41600000.0,Uppals Southend,2562.0,16237.314591632587,0.9999997500000625,1,0,0
https://www.99acres.com/3-bhk-bedroom-apartment-flat-for-sale-in-orchid-petals-sector-49-gurgaon-1805-sq-ft-spid-D79543409,3.0,Gurgaon,2025-02-19T04:38:38.179Z,1805 sqft,3 BHK Flat,3,30500000.0,Sector 49,1805.0,16897.506915846254,0.9999996666667778,1,0,0
https://www.99acres.com/4-bhk-bedroom-independent-builder-floor-for-sale-in-south-city-2-gurgaon-4500-sq-ft-spid-Q79885617,4.0,Gurgaon,2025-02-19T04:38:38.179Z,4500 sqft,4 BHK Independent Builder Floor,5,45000000.0,South City 2,4500.0,9999.999997777777,0.799999840000032,0,0,0
https://www.99acres.com/4-bhk-bedroom-independent-builder-floor-for-sale-in-rosewood-city-gurgaon-3150-sq-ft-spid-N79854273,4.0,Gurgaon,2025-02-19T04:38:38.179Z,3150 sqft,4 BHK Independent Builder Floor,4,44900000.0,Rosewood City,3150.0,14253.968249443185,0.9999997500000625,0,0,0
https://www.99acres.com/4-bhk-bedroom-independent-builder-floor-for-sale-in-luxury-builder-floor-in-south-city-2-south-city-2-gurgaon-3240-sq-ft-spid-L79885421,4.0,Gurgaon,2025-02-19T04:38:38.179Z,3240 sqft,4 BHK Independent Builder Floor,4,34000000.0,South City 2,3240.0,10493.827157254991,0.9999997500000625,0,0,0
https://www.99acres.com/3-bhk-bedroom-independent-house-villa-for-sale-in-atchampeta-kakinada-2600-sq-ft-spid-F79579347,3.0,Kakinada,1mo ago,2600 sqft,Luxury Villa,5,16500000.0,Atchampeta,2600.0,6346.153843713018,0.599999880000024,0,1,0
https://www.99acres.com/3-bhk-bedroom-independent-house-villa-for-sale-in-kovvada-kakinada-1800-sq-ft-spid-W79454185,3.0,Kakinada,1mo ago,1800 sqft,Luxury Villa,2,11600000.0,Kovvada,1800.0,6444.4444408641975,1.499999250000375,0,1,0
https://www.99acres.com/4-bhk-bedroom-independent-house-villa-for-sale-in-vakalapudi-kakinada-165-sq-ft-spid-J78732827,4.0,Kakinada,2mo ago,165 sqft,Luxury Villa,5,10000000.0,Vakalapudi,165.0,60606.06023875115,0.799999840000032,0,1,0
https://www.99acres.com/5-bhk-bedroom-independent-house-villa-for-sale-in-sasikanth-nagar-kakinada-28800-sq-ft-spid-O80294923,5.0,Kakinada,4d ago,2304 sqft,Luxury Villa,5,20000000.0,Sasikanth Nagar,2304.0,8680.555551787953,0.99999980000004,0,1,0
https://www.99acres.com/4-bhk-bedroom-independent-house-villa-for-sale-in-sasikanth-nagar-kakinada-2400-sq-ft-spid-O80266555,4.0,Kakinada,6d ago,230 sqft,Luxury Villa,5,20000000.0,Sasikanth Nagar,230.0,86956.5213610586,0.799999840000032,0,1,0
https://www.99acres.com/5-bhk-bedroom-independent-house-villa-for-sale-in-ramanayapeta-kakinada-3150-sq-ft-spid-X80181911,5.0,Kakinada,1w ago,3150 sqft,Luxury Villa,5,25000000.0,Ramanayapeta,3150.0,7936.5079339884105,0.99999980000004,0,1,0
https://www.99acres.com/3-bhk-bedroom-independent-house-villa-for-sale-in-atchampeta-kakinada-2600-sq-ft-spid-F79579347,3.0,Kakinada,2025-01-19,2600 sqft,Villa,5,16500000.0,Atchampeta,2600.0,6346.153843713018,0.599999880000024,0,1,0
https://www.99acres.com/3-bhk-bedroom-independent-house-villa-for-sale-in-kovvada-kakinada-1800-sq-ft-spid-W79454185,3.0,Kakinada,2025-01-19,1800 sqft,Villa,2,11600000.0,Kovvada,1800.0,6444.4444408641975,1.499999250000375,0,1,0
https://www.99acres.com/2-bhk-bedroom-independent-house-villa-for-sale-in-madhavapatnam-kakinada-350-sq-ft-r1-spid-A76438401,2.0,Kakinada,2025-01-19,350 sqft,Villa,1,5500000.0,Madhavapatnam,350.0,15714.285669387755,1.9999980000020001,0,1,0
https://www.99acres.com/3-bhk-bedroom-independent-house-villa-for-sale-in-sbi-employees-colony-kakinada-1283-sq-ft-spid-J78764367,3.0,Kakinada,2025-01-19,1368 sqft,Villa,3,6900000.0,SBI Employees Colony,1368.0,5043.859645435775,0.9999996666667778,0,1,0
https://www.99acres.com/4-bhk-bedroom-independent-house-villa-for-sale-in-vakalapudi-kakinada-165-sq-ft-spid-J78732827,4.0,Kakinada,2025-01-19,165 sqft,Villa,5,10000000.0,Vakalapudi,165.0,60606.06023875115,0.799999840000032,0,1,0
https://www.99acres.com/5-bhk-bedroom-independent-house-villa-for-sale-in-sasikanth-nagar-kakinada-28800-sq-ft-spid-O80294923,5.0,Kakinada,2025-01-19,2304 sqft,Villa,4,20000000.0,Sasikanth Nagar,2304.0,8680.555551787953,1.249999687500078,0,1,0
https://www.99acres.com/3-bhk-bedroom-independent-house-villa-for-sale-in-rameswaram-kakinada-1450-sq-ft-spid-G80269003,3.0,Kakinada,2025-01-19,1450 sqft,Villa,2,5800000.0,Rameswaram,1450.0,3999.999997241379,1.499999250000375,0,1,0
https://www.99acres.com/4-bhk-bedroom-independent-house-villa-for-sale-in-sasikanth-nagar-kakinada-2400-sq-ft-spid-O80266555,4.0,Kakinada,2025-01-19,230 sqft,Villa,5,20000000.0,Sasikanth Nagar,230.0,86956.5213610586,0.799999840000032,0,1,0
https://www.99acres.com/5-bhk-bedroom-independent-house-villa-for-sale-in-ramanayapeta-kakinada-3150-sq-ft-spid-X80181911,5.0,Kakinada,2025-01-19,3150 sqft,Villa,5,25000000.0,Ramanayapeta,3150.0,7936.5079339884105,0.99999980000004,0,1,0
https://www.99acres.com/4-bhk-bedroom-independent-house-villa-for-sale-in-ramanayapeta-kakinada-1422-sq-ft-spid-T80143813,4.0,Kakinada,2025-01-19,1422 sqft,Villa,2,8000000.0,Ramanayapeta,1422.0,5625.879039644248,1.9999990000005,0,1,0
https://www.99acres.com/residential-land-plot-for-sale-in-thagarapuvalasa-visakhapatnam-167-sq-yard-spid-I76078449,0.0,Visakhapatnam,2025-02-19T04:38:36.102Z,1503 sqft,Residential land / Plot,0,4676000.0,Thagarapuvalasa,1503.0,3111.111109041177,0.0,0,0,1
https://www.99acres.com/residential-land-plot-for-sale-in-bheemili-visakhapatnam-140-sq-yard-spid-I76618949,0.0,Visakhapatnam,2025-02-19T04:38:36.102Z,1260 sqft,Residential land / Plot,0,3780000.0,Bheemili,1260.0,2999.9999976190475,0.0,0,0,1
https://www.99acres.com/rudra-seniors-madhurawada-visakhapatnam-npxid-r408482,2.0,Visakhapatnam,2025-02-19T04:38:36.102Z,990 - 1245 sqft,2 BHK Apartment,2,4940000.0,Madhurawada,990.0,4989.898984858688,0.99999950000025,1,0,0
https://www.99acres.com/vk-erica-madhurawada-visakhapatnam-npxid-r438076,3.0,Visakhapatnam,2025-02-19T04:38:36.102Z,1630 - 2190 sqft,3 BHK Apartment,3,9454000.0,Madhurawada,1630.0,5799.9999964417175,0.9999996666667778,1,0,0
https://www.99acres.com/the-celest-gajuwaka-visakhapatnam-npxid-r377188,2.0,Visakhapatnam,2025-02-19T04:38:36.102Z,823 - 1117 sqft,"2, 3 BHK Apartment",2,7501000.0,Gajuwaka,823.0,9114.216270821122,0.99999950000025,1,0,0
https://www.99acres.com/edara-twilight-park-shivaji-palem-visakhapatnam-npxid-r439018,3.0,Visakhapatnam,2025-02-19T04:38:36.102Z,2195 - 2650 sqft,3 BHK Apartment,3,18700000.0,Shivaji Palem,2195.0,8519.362182906896,0.9999996666667778,1,0,0
https://www.99acres.com/mvv-and-mk-park-gajuwaka-visakhapatnam-npxid-r331705,2.0,Visakhapatnam,2025-02-19T04:38:36.102Z,895 - 1050 sqft,2 BHK Apartment,2,3133000.0,Gajuwaka,895.0,3500.5586553066382,0.99999950000025,1,0,0
https://www.99acres.com/mvv-towers-yendada-visakhapatnam-npxid-r385012,2.0,Visakhapatnam,2025-02-19T04:38:36.102Z,1158 - 1474 sqft,"2, 3 BHK Apartment",2,6947000.0,Yendada,1158.0,5999.136436961022,0.99999950000025,1,0,0
https://www.99acres.com/rs-aurora-bay-bheemili-visakhapatnam-npxid-r411360,3.0,Visakhapatnam,2025-02-19T04:38:36.102Z,3503 - 6226 sqft,"3, 4, 5, 6 BHK Villa",3,29800000.0,Bheemili,3503.0,8506.994002709966,0.9999996666667778,0,1,0
https://www.99acres.com/residential-land-plot-for-sale-in-vennala-kochi-339-sq-yard-spid-D78423293,0.0,Kochi,3mo ago,3049 sqft,Residential land / Plot,0,12000000.0,Vennala,3049.0,3935.716627111933,0.0,0,0,1
https://www.99acres.com/residential-land-plot-for-sale-in-vennala-kochi-1162-sq-yard-spid-O79520349,0.0,Kochi,1mo ago,10454 sqft,Residential land / Plot,0,39600000.0,Vennala,10454.0,3788.023722614499,0.0,0,0,1
https://www.99acres.com/3-bhk-bedroom-apartment-flat-for-sale-in-nagpal-sapphire-heights-vennala-kochi-1388-sq-ft-spid-D80169371,3.0,Kochi,1w ago,1388 sqft,3 BHK Flat,2,7500000.0,Nagpal Sapphire Heights,1388.0,5403.458209363503,1.499999250000375,1,0,0
https://www.99acres.com/3-bhk-bedroom-independent-house-villa-for-sale-in-vennala-kochi-1375-sq-ft-spid-J79757557,3.0,Kochi,4w ago,1375 sqft,3 Bedroom House,3,7000000.0,Vennala,1375.0,5090.909087206611,0.9999996666667778,0,1,0
https://www.99acres.com/3-bhk-bedroom-apartment-flat-for-sale-in-vennala-kochi-1350-sq-ft-r1-spid-J51800632,3.0,Kochi,1mo ago,1350 sqft,3 BHK Flat,3,5000000.0,sheetal apartments,1350.0,3703.703700960219,0.9999996666667778,1,0,0
https://www.99acres.com/residential-land-plot-for-sale-in-chalikavattom-kochi-104-sq-yard-spid-G78545131,0.0,Kochi,3mo ago,940 sqft,Residential land / Plot,0,1500000.0,Chalikavattom,940.0,1595.744679153463,0.0,0,0,1
https://www.99acres.com/3-bhk-bedroom-independent-house-villa-for-sale-in-chalikavattom-kochi-1375-sq-ft-spid-B78323137,3.0,Kochi,3mo ago,1375 sqft,3 Bedroom House,3,7000000.0,Chalikavattom,1375.0,5090.909087206611,0.9999996666667778,0,1,0
https://www.99acres.com/2-bhk-bedroom-apartment-flat-for-sale-in-chalikavattom-kochi-1000-sq-ft-r5-spid-P60024418,2.0,Kochi,2w ago,1000 sqft,2 BHK Flat,2,8000000.0,good earth hamlet,1000.0,7999.999992,0.99999950000025,1,0,0
https://www.99acres.com/3-bhk-bedroom-independent-house-villa-for-sale-in-chakkaraparambu-kochi-1000-sq-ft-r2-spid-R63177728,3.0,Kochi,2mo ago,1000 sqft,3 Bedroom House,3,7500000.0,Chakkaraparambu,1000.0,7499.9999925,0.9999996666667778,0,1,0
https://www.99acres.com/residential-land-plot-for-sale-in-chakkaraparambu-kochi-3975-sq-yard-r1-spid-Q55098104,0.0,Kochi,2mo ago,35790 sqft,Residential land / Plot,0,35000000.0,Chakkaraparambu,35790.0,977.9267951668643,0.0,0,0,1
https://www.99acres.com/9-bhk-bedroom-independent-house-villa-for-sale-in-sector-39-noida-3226-sq-ft-r8-spid-U66608396,7.5,Noida,1mo ago,3229 sqft,Independent House/Villa,5,45018000.0,Sector 39,3229.0,13941.77763581859,1.49999970000006,0,1,0
https://www.99acres.com/residential-land-plot-for-sale-in-rwa-sector-122-sector-122-noida-538-sq-yard-spid-C79242955,0.0,Noida,Yesterday,4843 sqft,Residential Land,0,45018000.0,Sector 122,4843.0,9295.47800757888,0.0,0,0,1
https://www.99acres.com/residential-land-plot-for-sale-in-od-kedeswar-vihar-phulnakhara-bhubaneswar-133-sq-yard-to-222-sq-yard-npspid-S78806221,0.0,Bhubaneswar,2025-02-19,1200-2000 sqft,Residential land / Plot,0,1559000.0,Phulnakhara,1200.0,1299.1666655840277,0.0,0,0,1
https://www.99acres.com/3-bhk-bedroom-apartment-flat-for-sale-in-shuvam-meadows-patia-bhubaneswar-2179-sq-ft-spid-V79818033,3.0,Bhubaneswar,2025-02-19,2179 sqft,3 BHK Flat,3,18000000.0,Patia,2179.0,8260.67002833379,0.9999996666667778,1,0,0
https://www.99acres.com/mahima-greenex-hanspal-bhubaneswar-npxid-r413530,2.0,Bhubaneswar,2025-02-19,758.34 - 945.73 sqft,"2, 3 BHK Apartment",0,7900000.0,Hanspal,758.0,10422.163574640945,2000000.0,1,0,0
https://www.99acres.com/one-world-janla-bhubaneswar-npxid-r424559,2.0,Bhubaneswar,2025-02-19,1185 - 1610 sqft,"2, 3 BHK Apartment",0,8938000.0,Janla,1185.0,7542.616027390197,2000000.0,1,0,0
https://www.99acres.com/urban-sereno-gothapatna-bhubaneswar-npxid-r420678,2.0,Bhubaneswar,2025-02-19,1691 - 2543 sqft,"2, 3 BHK Apartment",0,8286000.0,Gothapatna,1691.0,4900.0591337078295,2000000.0,1,0,0
https://www.99acres.com/falcon-tatva-khandagiri-bhubaneswar-npxid-r411558,3.0,Bhubaneswar,2025-02-19,1527 - 2078 sqft,"3, 4 BHK Apartment",0,20600000.0,Khandagiri,1527.0,13490.504247877861,3000000.0,1,0,0
https://www.99acres.com/motwani-anantara-jharapada-bhubaneswar-npxid-r421539,3.0,Bhubaneswar,2025-02-19,2160 - 3190 sqft,"3, 4 BHK Apartment",0,14700000.0,Jharapada,2160.0,6805.555552404836,3000000.0,1,0,0
https://www.99acres.com/z-padmanabha-pahala-bhubaneswar-npxid-r413474,2.0,Bhubaneswar,2025-02-19,923 - 3097 sqft,"2, 3, 4, 5 BHK Apartment",0,11800000.0,Pahala,923.0,12784.398686040739,2000000.0,1,0,0
https://www.99acres.com/utkal-reserve-patrapada-bhubaneswar-npxid-r390078,2.0,Bhubaneswar,2025-02-19,1877 - 3038 sqft,"2, 3, 4, 5 BHK Apartment",0,14000000.0,Patrapada,1877.0,7458.710704603776,2000000.0,1,0,0
https://www.99acres.com/utkal-isquare-patia-bhubaneswar-npxid-r424292,2.0,Bhubaneswar,2025-02-19,704.71 - 1009.23 sqft,"2, 3 BHK Apartment",0,7200000.0,Patia,704.0,10227.27271274535,2000000.0,1,0,0
https://www.99acres.com/5-bhk-bedroom-independent-house-villa-for-sale-in-s-saamarth-twinland-koba-gandhinagar-8478-sq-ft-to-10573-sq-ft-npspid-G79358405,5.0,Gandhinagar,2025-02-19,8478-10573 sqft,5 BHK House,0,0.0,"Koba, Raysan",8478.0,0.0,5000000.0,0,1,0
https://www.99acres.com/2-bhk-bedroom-apartment-flat-for-sale-in-sargasan-gandhinagar-1530-sq-ft-spid-Z79621649,2.0,Gandhinagar,2025-02-19,1530 sqft,2 BHK Flat,2,6500000.0,Sargasan,1530.0,4248.366010295185,0.99999950000025,1,0,0
https://www.99acres.com/polaris-calice-randesan-gandhinagar-npxid-r411905,3.0,Gandhinagar,2025-02-19,2511-2655 sqft,3 BHK Apartment,0,11200000.0,Randesan,2511.0,4460.374351071137,3000000.0,1,0,0
https://www.99acres.com/sobha-elysia-gift-city-gandhinagar-npxid-r426127,3.0,Gandhinagar,2025-02-19,1225.7-2611 sqft,"3, 4 BHK Apartment",0,25400000.0,Gift City,1225.0,20734.69386062474,3000000.0,1,0,0
https://www.99acres.com/altezza-by-the-palm-sargasan-gandhinagar-npxid-r394631,3.0,Gandhinagar,2025-02-19,2916 sqft,3 BHK Apartment,0,11900000.0,Sargasan,2916.0,4080.932783236992,3000000.0,1,0,0
https://www.99acres.com/the-one-randesan-gandhinagar-npxid-r425978,4.0,Gandhinagar,2025-02-19,4158-5598 sqft,"4, 5 BHK Apartment",0,20000000.0,Randesan,4158.0,4810.0048088480025,4000000.0,1,0,0
https://www.99acres.com/polaris-casarica-sargasan-gandhinagar-npxid-r393562,3.0,Gandhinagar,2025-02-19,2475 sqft,3 BHK Apartment,0,10700000.0,Sargasan,2475.0,4323.232321485563,3000000.0,1,0,0
https://www.99acres.com/srushti-kudasan-gandhinagar-npxid-r383515,2.0,Gandhinagar,2025-02-19,1503-3915 sqft,"2, 3, 4 BHK Apartment",0,7014000.0,Kudasan,1503.0,4666.666663561765,2000000.0,1,0,0
https://www.99acres.com/ekarth-sarvam-koba-gandhinagar-npxid-r428573,4.0,Gandhinagar,2025-02-19,6750-7560 sqft,"4, 5 BHK Apartment",0,0.0,Koba,6750.0,0.0,4000000.0,1,0,0
https://www.99acres.com/shilp-north-sky-gift-city-gandhinagar-npxid-r406643,2.0,Gandhinagar,2025-02-19,1325-4717 sqft,"2, 3, 4 BHK Apartment",0,12200000.0,Gift City,1325.0,9207.547162862227,2000000.0,1,0,0
https://www.99acres.com/residential-land-plot-for-sale-in-kanyakumari-121-sq-yard-spid-C79440309,0.0,Kanyakumari,2025-02-17,1090 sqft,Plot/Land,0,4000000.0,"Near Shri Shirdi Sai Baba Temple, Pothayadi junction.",1090.0,3669.7247672754816,0.0,0,0,1
https://www.99acres.com/residential-land-plot-for-sale-in-azad-nagar-madhavalayam-kanyakumari-339-sq-yard-spid-R79917611,0.0,Kanyakumari,2025-02-05,3049 sqft,Plot/Land,0,6300000.0,"Madhavalayam, Azad Nagar",3049.0,2066.2512292337647,0.0,0,0,1
https://www.99acres.com/residential-land-plot-for-sale-in-thiruppathisaram-kanyakumari-48-sq-yard-spid-C79621191,0.0,Kanyakumari,2025-02-02,435 sqft,Plot/Land,0,1100000.0,Thiruppathisaram,435.0,2528.735626370723,0.0,0,0,1
https://www.99acres.com/residential-land-plot-for-sale-in-putheri-kanyakumari-242-sq-yard-spid-N79629105,0.0,Kanyakumari,2025-02-02,2178 sqft,Plot/Land,0,4000000.0,Putheri,2178.0,1836.5472902495192,0.0,0,0,1
https://www.99acres.com/residential-land-plot-for-sale-in-thuckalay-kanyakumari-439-sq-yard-spid-K80381775,0.0,Kanyakumari,2025-02-18,3950 sqft,Plot/Land,0,13500000.0,Thuckalay,3950.0,3417.721518122096,0.0,0,0,1
https://www.99acres.com/residential-land-plot-for-sale-in-kulasekharam-kanyakumari-290-sq-yard-spid-G80376215,0.0,Kanyakumari,2025-02-18,2613 sqft,Plot/Land,0,3600000.0,Kulasekharam,2613.0,1377.7267503338207,0.0,0,0,1
https://www.99acres.com/residential-land-plot-for-sale-in-marthandam-kanyakumari-1111-sq-yard-spid-X80321373,0.0,Kanyakumari,2025-02-16,10000 sqft,Plot/Land,0,45018000.0,Marthandam,10000.0,4501.799999549819,0.0,0,0,1
https://www.99acres.com/residential-land-plot-for-sale-in-mandaikadu-kanyakumari-629-sq-yard-spid-N80300531,0.0,Kanyakumari,2025-02-15,5662 sqft,Plot/Land,0,5460000.0,Mandaikadu,5662.0,964.3235604089855,0.0,0,0,1
https://www.99acres.com/residential-land-plot-for-sale-in-thuckalay-kanyakumari-242-sq-yard-spid-V80241639,0.0,Kanyakumari,2025-02-15,2178 sqft,Plot/Land,0,3000000.0,Thuckalay,2178.0,1377.4104676871395,0.0,0,0,1
https://www.99acres.com/3-bhk-bedroom-independent-house-villa-for-sale-in-marthandam-kanyakumari-3800-sq-ft-spid-G80215947,3.0,Kanyakumari,2025-02-12,3800 sqft,House,2,10000000.0,Marthandam,3800.0,2631.5789466759,1.499999250000375,0,1,0
https://www.99acres.com/residential-land-plot-for-sale-in-sulur-coimbatore-319-sq-yard-r2-spid-H77649167,0.0,Coimbatore,2025-02-19,2874 sqft,Residential land / Plot,0,1998000.0,Sulur,2874.0,695.1983296119699,0.0,0,0,1
https://www.99acres.com/residential-land-plot-for-sale-in-ettimadai-coimbatore-147-sq-yard-spid-D79347859,0.0,Coimbatore,2025-02-19,1321 sqft,Residential land / Plot,0,7678000.0,Ettimadai,1321.0,5812.263432390413,0.0,0,0,1
https://www.99acres.com/green-field-crystal-gateway-sulur-coimbatore-npxid-r439016,2.0,Coimbatore,2025-02-19,Varies,"2, 3, 4 BHK Villa, Land",0,1240000.0,Sulur,,,2000000.0,0,1,1
https://www.99acres.com/royal-kalpataru-ganapathy-coimbatore-npxid-r275677,4.0,Coimbatore,2025-02-19,Varies,"4, 5 BHK Villa",0,25100000.0,Ganapathy,,,4000000.0,0,1,0
https://www.99acres.com/harish-bhairav-vellakinar-coimbatore-npxid-r398187,2.0,Coimbatore,2025-02-19,Varies,"2, 3 BHK Villa",0,1500000.0,Vellakinar,,,2000000.0,0,1,0
https://www.99acres.com/rks-shivom-sulur-coimbatore-npxid-r409009,2.0,Coimbatore,2025-02-19,Varies,"2, 3 BHK Villa, Land",0,948000.0,Sulur,,,2000000.0,0,1,1
https://www.99acres.com/trisquare-amber-gn-mills-coimbatore-npxid-r430125,3.0,Coimbatore,2025-02-19,Varies,"3, 4, 5 BHK Villa",0,23000000.0,GN Mills,,,3000000.0,0,1,0
https://www.99acres.com/vsks-aira-singanallur-coimbatore-npxid-r397871,2.0,Coimbatore,2025-02-19,Varies,"2, 3, 4 BHK Apartment",0,880000.0,Singanallur,,,2000000.0,1,0,0
https://www.99acres.com/golden-town-karamadai-coimbatore-npxid-r439297,0.0,Coimbatore,2025-02-19,Varies,Land,0,1859000.0,Karamadai,,,0.0,0,0,1
https://www.99acres.com/skm-indraprastha-residency-thudiyalur-coimbatore-npxid-r421314,3.0,Coimbatore,2025-02-19,Varies,"3, 4 BHK Villa",0,8232000.0,Thudiyalur,,,3000000.0,0,1,0
https://www.99acres.com/residential-land-plot-for-sale-in-penamaluru-vijayawada-167-sq-yard-r13-spid-J63431142,0.0,Vijayawada,2025-02-19,1503 sqft,Residential land / Plot,0,2004000.0,Penamaluru,1503.0,1333.3333324462185,0.0,0,0,1
https://www.99acres.com/residential-land-plot-for-sale-in-penamaluru-vijayawada-183-sq-yard-r13-spid-B63431288,0.0,Vijayawada,2025-02-19,1647 sqft,Residential land / Plot,0,2196000.0,Penamaluru,1647.0,1333.3333325237804,0.0,0,0,1
https://www.99acres.com/alekhya-grand-sri-ramachandra-nagar-vijayawada-npxid-r425422,4.0,Vijayawada,2025-02-19,3258 - 4122 sqft,4 BHK Apartment,0,26700000.0,Sri Ramachandra Nagar,3258.0,8195.211783856596,4000000.0,1,0,0
https://www.99acres.com/aiswarya-gateway-pamarru-vijayawada-npxid-r439430,0.0,Vijayawada,2025-02-19,1215.46 - 2702.6 sqft,Land,0,1350000.0,Pamarru,1215.0,1111.1111101966162,0.0,0,0,1
https://www.99acres.com/fugen-royal-infinia-ramavarappadu-vijayawada-npxid-r436943,0.0,Vijayawada,2025-02-19,2124 - 7119 sqft,Land,0,7552000.0,Ramavarappadu,2124.0,3555.555553881565,0.0,0,0,1
https://www.99acres.com/sree-hemadurga-jewel-county-gannavaram-vijayawada-npxid-r295973,2.0,Vijayawada,2025-02-19,801.62 - 1108.17 sqft,"2, 3 BHK Apartment",2,5065000.0,Gannavaram,801.0,6323.345809833526,0.99999950000025,1,0,0
https://www.99acres.com/vasishta-olympia-poranki-vijayawada-npxid-r423035,3.0,Vijayawada,2025-02-19,2800 - 4000 sqft,"3, 4 BHK Apartment",0,0.0,Poranki,2800.0,0.0,3000000.0,1,0,0
https://www.99acres.com/badris-jishnu-nivas-tadigadapa-vijayawada-npxid-r423265,2.0,Vijayawada,2025-02-19,1275 - 3141 sqft,"2, 3 BHK Apartment",0,0.0,Tadigadapa,1275.0,0.0,2000000.0,1,0,0
https://www.99acres.com/residential-land-plot-for-sale-in-ambapuram-vijayawada-533-sq-yard-r2-spid-N66036718,0.0,Vijayawada,2025-02-19,4797 sqft,Residential land / Plot,0,20000000.0,Ambapuram,4797.0,4169.272461086247,0.0,0,0,1
https://www.99acres.com/residential-land-plot-for-sale-in-birpara-jalpaiguri-80-sq-yard-r1-spid-Y78452569,0.0,Jalpaiguri,2025-02-19T04:38:38.010Z,720 sqft,Residential land / Plot,0,500000.0,Mansarovar Township (Siliguri WB),720.0,694.4444434799383,0.0,0,0,1
https://www.99acres.com/residential-land-plot-for-sale-in-uttar-kamakhyaguri-jalpaiguri-8342-sq-yard-spid-R80314621,0.0,Jalpaiguri,2025-02-19T04:38:38.010Z,75075 sqft,Residential land / Plot,0,10400000.0,Uttar Kamakhyaguri,75075.0,138.52813852629333,0.0,0,0,1
https://www.99acres.com/10-bhk-bedroom-independent-house-villa-for-sale-in-jalpaiguri-2024-sq-ft-spid-X80148443,7.5,Jalpaiguri,2025-02-19T04:38:38.010Z,2024 sqft,10 Bedroom House,3,6500000.0,Kirat Bhumi,2024.0,3211.462449006194,2.499999166666944,0,1,0
https://www.99acres.com/residential-land-plot-for-sale-in-jalpaiguri-375-sq-yard-r22-spid-M25289542,0.0,Jalpaiguri,2025-02-19T04:38:38.010Z,3375 sqft,Residential land / Plot,0,11000000.0,Hakimpara,3375.0,3259.259258293553,0.0,0,0,1
https://www.99acres.com/2-bhk-bedroom-independent-house-villa-for-sale-in-maynaguri-jalpaiguri-3200-sq-ft-spid-J79575407,2.0,Jalpaiguri,2025-02-19T04:38:38.010Z,3200 sqft,2 Bedroom House,1,3000000.0,Maynaguri,3200.0,937.4999997070313,1.9999980000020001,0,1,0
https://www.99acres.com/residential-land-plot-for-sale-in-jalpaiguri-480-sq-yard-spid-B79283981,0.0,Jalpaiguri,2025-02-19T04:38:38.010Z,4319 sqft,Residential land / Plot,0,2400000.0,Ambari falakata,4319.0,555.684186025542,0.0,0,0,1
https://www.99acres.com/5-bhk-bedroom-independent-house-villa-for-sale-in-goshala-jalpaiguri-2102-sq-ft-spid-H79094883,5.0,Jalpaiguri,2025-02-19T04:38:38.010Z,2102 sqft,5 Bedroom House,2,6700000.0,Goshala,2102.0,3187.440531309496,2.499998750000625,0,1,0
https://www.99acres.com/2-bhk-bedroom-apartment-flat-for-sale-in-rajbari-para-jalpaiguri-890-sq-ft-spid-K79003267,2.0,Jalpaiguri,2025-02-19T04:38:38.010Z,890 sqft,2 BHK Flat,2,3500000.0,Rajbari Para,890.0,3932.5842652442875,0.99999950000025,1,0,0
https://www.99acres.com/residential-land-plot-for-sale-in-chalsa-jalpaiguri-800-sq-yard-spid-A78943427,0.0,Jalpaiguri,2025-02-19T04:38:38.010Z,7199 sqft,Residential land / Plot,0,5000000.0,Chalsa,7199.0,694.5409083630308,0.0,0,0,1
https://www.99acres.com/residential-land-plot-for-sale-in-gairkata-jalpaiguri-1360-sq-yard-spid-V78830671,0.0,Jalpaiguri,2025-02-19T04:38:38.010Z,12239 sqft,Residential land / Plot,0,6000000.0,Gairkata,12239.0,490.23613036275543,0.0,0,0,1
https://www.99acres.com/residential-land-plot-for-sale-in-nawabpet-medak-150-sq-yard-spid-I79945783,0.0,Hyderabad,2025-02-19,1350 sqft,Residential land / Plot,0,2400000.0,Nawabpet,1350.0,1777.7777764609052,0.0,0,0,1
https://www.99acres.com/3-bhk-bedroom-apartment-flat-for-sale-in-mokila-hyderabad-2713-sq-ft-r1-spid-D78555737,3.0,Hyderabad,2025-02-19,2713 sqft,3 BHK Flat,4,13600000.0,Mokila,2713.0,5012.900845922263,0.7499998125000469,1,0,0
https://www.99acres.com/bricks-marvella-tellapur-hyderabad-npxid-r416504,2.0,Hyderabad,2025-02-19,Varies,"2, 3, 4 BHK Apartment",2,10000000.0,Tellapur,,,0.99999950000025,1,0,0
https://www.99acres.com/pranathis-kiara-tellapur-hyderabad-npxid-r405130,2.0,Hyderabad,2025-02-19,Varies,"2, 3 BHK Apartment",2,9305000.0,Tellapur,,,0.99999950000025,1,0,0
https://www.99acres.com/ananda-the-legacey-manikonda-hyderabad-npxid-r434519,2.0,Hyderabad,2025-02-19,Varies,"2, 3 BHK Apartment",2,9582000.0,Manikonda,,,0.99999950000025,1,0,0
https://www.99acres.com/moonglade-apartments-kokapet-hyderabad-npxid-r438704,3.0,Hyderabad,2025-02-19,Varies,"3, 4 BHK Apartment",3,12600000.0,Kokapet,,,0.9999996666667778,1,0,0
https://www.99acres.com/vajra-the-royal-park-bowrampet-hyderabad-npxid-r389235,2.0,Hyderabad,2025-02-19,Varies,"2, 3 BHK Apartment",2,6756000.0,Bowrampet,,,0.99999950000025,1,0,0
https://www.99acres.com/dithya-agarta-kompally-hyderabad-npxid-r435622,3.0,Hyderabad,2025-02-19,Varies,"3, 4 BHK Apartment",3,0.0,Kompally,,,0.9999996666667778,1,0,0
https://www.99acres.com/incor-lake-city-patancheru-hyderabad-npxid-r373118,1.0,Hyderabad,2025-02-19,Varies,"1, 2, 3 BHK Apartment",1,8212000.0,Patancheru,,,0.9999990000010001,1,0,0
https://www.99acres.com/nsl-nakshatra-kphb-hyderabad-npxid-r428751,3.0,Hyderabad,2025-02-19,Varies,"3, 4 BHK Apartment",3,19200000.0,KPHB,,,0.9999996666667778,1,0,0
https://www.99acres.com/2-bhk-bedroom-apartment-flat-for-sale-in-gandhi-nagar-kakinada-1450-sq-ft-r2-spid-K71725910,2.0,Kakinada,2025-02-18,1450 sqft,Flat,2,7800000.0,Gandhi Nagar,1450.0,5379.310341117716,0.99999950000025,1,0,0
https://www.99acres.com/residential-land-plot-for-sale-in-turangi-kakinada-452-sq-yard-spid-U79636559,0.0,Kakinada,2025-02-05,4068 sqft,Land,0,11600000.0,Turangi,4068.0,2851.524089761179,0.0,0,0,1
https://www.99acres.com/3-bhk-bedroom-apartment-flat-for-sale-in-santhi-nagar-kakinada-1860-sq-ft-spid-Z78886921,3.0,Kakinada,2025-01-19,1860 sqft,Flat,3,9300000.0,Santhi Nagar,1860.0,4999.999997311827,0.9999996666667778,1,0,0
https://www.99acres.com/3-bhk-bedroom-apartment-flat-for-sale-in-vidyut-nagar-kakinada-1472-sq-ft-spid-K77492637,3.0,Kakinada,2025-01-19,1472 sqft,Flat,2,7000000.0,Vidyut Nagar,1472.0,4755.434779378101,1.499999250000375,1,0,0
https://www.99acres.com/3-bhk-bedroom-apartment-flat-for-sale-in-vidyut-nagar-kakinada-1550-sq-ft-spid-O78636973,3.0,Kakinada,2025-01-19,1550 sqft,Flat,3,8500000.0,Vidyut Nagar,1550.0,5483.870964203954,0.9999996666667778,1,0,0
https://www.99acres.com/2-bhk-bedroom-apartment-flat-for-sale-in-kakinada-1100-sq-ft-spid-N79724963,2.0,Kakinada,2025-02-18,1100 sqft,Flat,2,5000000.0,Santinagar,1100.0,4545.454541322313,0.99999950000025,1,0,0
https://www.99acres.com/3-bhk-bedroom-apartment-flat-for-sale-in-rama-rao-peta-kakinada-1265-sq-ft-spid-L79080669,3.0,Kakinada,2025-01-19,1265 sqft,Flat,2,6578000.0,Rama Rao Peta,1265.0,5199.999995889328,1.499999250000375,1,0,0
https://www.99acres.com/4-bhk-bedroom-apartment-flat-for-sale-in-ramanayapeta-kakinada-2628-sq-ft-spid-L79139157,4.0,Kakinada,2025-01-19,2628 sqft,Flat,4,18000000.0,Ramanayapeta,2628.0,6849.315065886867,0.9999997500000625,1,0,0
https://www.99acres.com/residential-land-plot-for-sale-in-nadakuduru-kakinada-15-sq-yard-spid-L80364535,0.0,Kakinada,2025-02-19,133 sqft,Land,0,1064000.0,Nadakuduru,133.0,7999.999939849625,0.0,0,0,1
https://www.99acres.com/2-bhk-bedroom-independent-house-villa-for-sale-in-suresh-nagar-kakinada-1080-sq-ft-spid-R80352773,2.0,Kakinada,2025-02-19,1080 sqft,House,2,5000000.0,Suresh Nagar,1080.0,4629.6296253429355,0.99999950000025,0,1,0
https://www.99acres.com/residential-land-plot-for-sale-in-budheshwar-lucknow-111-sq-yard-r1-spid-R78689421,0.0,Lucknow,2025-02-19,1000 sqft,Residential land / Plot,0,1099000.0,Budheshwar,1000.0,1098.999998901,0.0,0,0,1
https://www.99acres.com/3-bhk-bedroom-apartment-flat-for-sale-in-sultanpur-road-lucknow-1489-sq-ft-r1-spid-J78635815,3.0,Lucknow,2025-02-19,1489 sqft,3 BHK Flat,3,6105000.0,Sultanpur Road,1489.0,4100.067156413655,0.9999996666667778,1,0,0
https://www.99acres.com/rishita-mulberry-heights-sushant-golf-city-lucknow-npxid-r325311,2.0,Lucknow,2025-02-19,various,"2, 3 BHK Apartment",0,9059000.0,Sushant Golf City,,,2000000.0,1,0,0
https://www.99acres.com/krishna-tower-kanpur-road-lucknow-npxid-r152473,2.0,Lucknow,2025-02-19,various,"2, 3 BHK Apartment",0,3943000.0,Kanpur Road,,,2000000.0,1,0,0
https://www.99acres.com/eldeco-trinity-gomti-nagar-extension-lucknow-npxid-r421468,2.0,Lucknow,2025-02-19,various,"2, 3, 4, 5 BHK Apartment",0,20300000.0,Gomti Nagar Extension,,,2000000.0,1,0,0
https://www.99acres.com/shalimar-one-world-21-gomti-nagar-extension-lucknow-npxid-r429111,3.0,Lucknow,2025-02-19,various,3 BHK Apartment,0,23500000.0,Gomti Nagar Extension,,,3000000.0,1,0,0
https://www.99acres.com/green-park-city-sultanpur-road-lucknow-npxid-r401774,0.0,Lucknow,2025-02-19,various,Land,0,750000.0,Sultanpur Road,,,0.0,0,0,1
https://www.99acres.com/oro-constella-sushant-golf-city-lucknow-npxid-r409651,3.0,Lucknow,2025-02-19,various,"3, 4, 5 BHK Apartment",0,14900000.0,Sushant Golf City,,,3000000.0,1,0,0
https://www.99acres.com/shalimar-one-world-pinnacle-gomti-nagar-extension-lucknow-npxid-r423230,4.0,Lucknow,2025-02-19,various,"4, 5 BHK Apartment",0,45018000.0,Gomti Nagar Extension,,,4000000.0,1,0,0
https://www.99acres.com/jashn-elevate-sushant-golf-city-lucknow-npxid-r427388,2.0,Lucknow,2025-02-19,various,"2, 3 BHK Apartment",0,15800000.0,Sushant Golf City,,,2000000.0,1,0,0
https://www.99acres.com/2-bhk-bedroom-apartment-flat-for-sale-in-vinoth-viraj-maduravoyal-chennai-west-928-sq-ft-to-991-sq-ft-npspid-Q80337163,2.0,Chennai,2025-02-19,928-991 sqft,2 BHK Flat,2,8445000.0,Maduravoyal,928.0,9100.215507435112,0.99999950000025,1,0,0
https://www.99acres.com/3-bhk-bedroom-apartment-flat-for-sale-in-udhayam-saimugil-chitlapakkam-chennai-south-1647-sq-ft-npspid-P79116647,3.0,Chennai,2025-02-19,1647 sqft,3 BHK Flat,3,12500000.0,Chitlapakkam,1647.0,7589.5567652765285,0.9999996666667778,1,0,0
https://www.99acres.com/rajparis-diamond-mogappair-west-chennai-north-npxid-r409851,3.0,Chennai,2025-02-19,1208-1390 sqft,3 BHK Apartment,3,12000000.0,Mogappair West,1208.0,9933.774826213761,0.9999996666667778,1,0,0
https://www.99acres.com/divyasree-hub6-thiruporur-chennai-south-npxid-r12874,0.0,Chennai,2025-02-19,1200-3000 sqft,Land,0,4080000.0,Thiruporur,1200.0,3399.999997166666,0.0,0,0,1
https://www.99acres.com/brigade-altius-sholinganallur-chennai-south-npxid-r438256,3.0,Chennai,2025-02-19,1101-3265 sqft,"3, 4 BHK Apartment",3,19200000.0,Sholinganallur,1101.0,17438.692082253685,0.9999996666667778,1,0,0
https://www.99acres.com/marvellous-t-nagar-chennai-south-npxid-r398941,3.0,Chennai,2025-02-19,1654-3091 sqft,"3, 4 BHK Apartment",3,34000000.0,T Nagar,1654.0,20556.227315262255,0.9999996666667778,1,0,0
https://www.99acres.com/urban-pearl-county-pattabiram-chennai-north-npxid-r373276,0.0,Chennai,2025-02-19,794-1510 sqft,Land,0,1984000.0,Pattabiram,794.0,2498.740551009143,0.0,0,0,1
https://www.99acres.com/kg-kingdom-of-joy-sriperumbudur-chennai-west-npxid-r438496,0.0,Chennai,2025-02-19,630-4000 sqft,Land,0,1260000.0,Sriperumbudur,630.0,1999.999996825397,0.0,0,0,1
https://www.99acres.com/ashiana-swarang-ecr-chennai-south-npxid-r439006,1.0,Chennai,2025-02-19,912-1462 sqft,"1, 2, 3 BHK Apartment",1,8460000.0,ECR,912.0,9276.315779302286,0.9999990000010001,1,0,0
https://www.99acres.com/ashiana-vatsalya-mahindra-city-chennai-south-npxid-r439005,1.0,Chennai,2025-02-19,891-1530 sqft,"1, 2, 3 BHK Apartment",1,7090000.0,Mahindra City,891.0,7957.351281753815,0.9999990000010001,1,0,0
https://www.99acres.com/3-bhk-bedroom-apartment-flat-for-sale-in-santacruz-west-western-mumbai-1459-sq-ft-r1-spid-C78553579,3.0,Mumbai,2025-02-19,1459 sqft,Flat,4,45018000.0,Santacruz West,1459.0,30855.380376384248,0.7499998125000469,1,0,0
https://www.99acres.com/2-bhk-bedroom-apartment-flat-for-sale-in-lodha-casa-rio-dombivli-east-dombivli-east-mumbai-beyond-thane-686-sq-ft-r1-spid-A77236477,2.0,Thane,2025-02-19,686 sqft,Flat,2,5000000.0,Dombivli East,686.0,7288.6297269845045,0.99999950000025,1,0,0
https://www.99acres.com/godrej-horizon-wadala-south-mumbai-npxid-r389975,2.0,Mumbai,2025-02-19,627 - 1476.92 sqft,Apartment,2,29900000.0,Wadala,627.0,47687.400242922806,0.99999950000025,1,0,0
https://www.99acres.com/l-and-t-island-cove-mahim-west-south-mumbai-npxid-r394731,2.0,Mumbai,2025-02-19,694.81 - 1219.77 sqft,Apartment,2,29100000.0,Mahim West,694.0,41930.83567445124,0.99999950000025,1,0,0
https://www.99acres.com/lodha-divino-matunga-south-mumbai-npxid-r404243,2.0,Mumbai,2025-02-19,713.97 - 1727 sqft,Apartment,2,29800000.0,Matunga,713.0,41795.23135793095,0.99999950000025,1,0,0
https://www.99acres.com/lodha-the-park-worli-south-mumbai-npxid-r13344,2.0,Mumbai,2025-02-19,839 - 2254 sqft,Apartment,2,45018000.0,Worli,839.0,53656.73414343655,0.99999950000025,1,0,0
https://www.99acres.com/l-and-t-the-gateway-sewri-south-mumbai-npxid-r423314,3.0,Mumbai,2025-02-19,1133.34 - 2251 sqft,Apartment,2,44700000.0,Sewri,1133.0,39452.78019465774,1.499999250000375,1,0,0
https://www.99acres.com/lodha-new-cuffe-parade-wadala-south-mumbai-npxid-r1354,1.0,Mumbai,2025-02-19,350.69 - 2747 sqft,Apartment,1,14400000.0,Wadala,350.0,41142.857025306126,0.9999990000010001,1,0,0
https://www.99acres.com/rustomjee-crown-prabhadevi-south-mumbai-npxid-r725,3.0,Mumbai,2025-02-19,1334.74 - 3088 sqft,Apartment,2,45018000.0,Prabhadevi,1334.0,33746.62666135935,1.499999250000375,1,0,0
https://www.99acres.com/piramal-mahalaxmi-mahalaxmi-south-mumbai-npxid-r303861,2.0,Mumbai,2025-02-19,713.8 - 1850 sqft,Apartment,2,45018000.0,Mahalaxmi,713.0,63138.849841319985,0.99999950000025,1,0,0
https://www.99acres.com/3-bhk-bedroom-independent-builder-floor-for-sale-in-paschim-vihar-west-delhi-1350-sq-ft-r4-spid-F74144417,3.0,Delhi,2025-02-19,1350 sqft,Independent Builder Floor,3,25500000.0,Paschim Vihar,1350.0,18888.88887489712,0.9999996666667778,0,0,0
https://www.99acres.com/3-bhk-bedroom-independent-builder-floor-for-sale-in-surajmal-vihar-east-delhi-1800-sq-ft-spid-W78462503,3.0,Delhi,2025-02-19,1800 sqft,Independent Builder Floor,2,26500000.0,Surajmal Vihar,1800.0,14722.22221404321,1.499999250000375,0,0,0
https://www.99acres.com/sky-high-luxury-homes-sector-8-dwarka-delhi-npxid-r348181,2.0,Delhi,2025-02-19,Not specified,Independent Floor,2,8500000.0,Sector 8 Dwarka,,,0.99999950000025,0,0,0
https://www.99acres.com/bhardwaj-builder-floors-model-town-north-delhi-npxid-r376612,3.0,Delhi,2025-02-19,Not specified,Independent Floor,3,0.0,Model Town,,,0.9999996666667778,0,0,0
https://www.99acres.com/dlf-capital-greens-1-and-2-moti-nagar-west-delhi-npxid-r473,2.0,Delhi,2025-02-19,Not specified,Apartment,2,21000000.0,Moti Nagar,,,0.99999950000025,1,0,0
https://www.99acres.com/unity-group-the-amaryllis-karol-bagh-central-delhi-npxid-r217503,2.0,Delhi,2025-02-19,Not specified,Apartment,2,22500000.0,Karol Bagh,,,0.99999950000025,1,0,0
https://www.99acres.com/3baan-farms-chattarpur-south-delhi-npxid-r436830,4.0,Delhi,2025-02-19,Not specified,Villa,4,45018000.0,Chattarpur,,,0.9999997500000625,0,1,0
https://www.99acres.com/pradeep-luxury-builders-floor-anand-vihar-east-delhi-npxid-r435515,2.0,Delhi,2025-02-19,Not specified,Independent Floor,2,13000000.0,Anand Vihar,,,0.99999950000025,0,0,0
https://www.99acres.com/chandok-apartments-and-floors-janakpuri-west-delhi-npxid-r437221,2.0,Delhi,2025-02-19,Not specified,Apartment,2,11000000.0,Janakpuri,,,0.99999950000025,1,0,0
https://www.99acres.com/luxury-floors-by-omdev-homes-greater-kailash-2-south-delhi-npxid-r436246,3.0,Delhi,2025-02-19,Not specified,Independent Floor,3,45018000.0,Greater Kailash 2,,,0.9999996666667778,0,0,0
https://www.99acres.com/3-bhk-bedroom-apartment-flat-for-sale-in-mahimas-palm-springs-tonk-road-jaipur-1705-sq-ft-to-2127-sq-ft-npspid-F79764097,3.0,Jaipur,2025-02-19,1705-2127 sqft,3 BHK Flat,2,9378000.0,Tonk Road,1705.0,5500.293251905986,1.499999250000375,1,0,0
https://www.99acres.com/3-bhk-bedroom-apartment-flat-for-sale-in-richwell-empress-mansarovar-jaipur-1741-sq-ft-to-2194-sq-ft-npspid-T80075881,3.0,Jaipur,2025-02-19,1741-2194 sqft,3 BHK Flat,2,12200000.0,Mansarovar,1741.0,7007.4669689790535,1.499999250000375,1,0,0
https://www.99acres.com/vardhman-empress-mansarovar-jaipur-npxid-r435628,3.0,Jaipur,2025-02-19,1741-5060 sqft,"3, 4, 5 BHK Apartment",2,12200000.0,Mansarovar,1741.0,7007.4669689790535,1.499999250000375,1,0,0
https://www.99acres.com/viaans-radiant-vaishali-nagar-extension-jaipur-npxid-r438325,2.0,Jaipur,2025-02-19,1069.26-1551.92 sqft,"2, 3 BHK Apartment",2,5132000.0,Vaishali Nagar Extension,1069.0,4800.748358465155,0.99999950000025,1,0,0
https://www.99acres.com/the-altitude-jagatpura-jaipur-npxid-r438439,3.0,Jaipur,2025-02-19,2120-2900 sqft,"3, 4 BHK Apartment",2,12300000.0,Jagatpura,2120.0,5801.886789716092,1.499999250000375,1,0,0
https://www.99acres.com/balaji-green-park-vaishali-nagar-jaipur-npxid-r434249,2.0,Jaipur,2025-02-19,833.98-1583.45 sqft,"2, 3 BHK Apartment",2,4200000.0,Vaishali Nagar,833.0,5042.016800669848,0.99999950000025,1,0,0
https://www.99acres.com/mahal-niwas-jagatpura-jaipur-npxid-r430517,3.0,Jaipur,2025-02-19,1392.31-1566 sqft,3 BHK Apartment,2,5846000.0,Jagatpura,1392.0,4199.712640661126,1.499999250000375,1,0,0
https://www.99acres.com/trimurty-divinity-c-scheme-jaipur-npxid-r380493,3.0,Jaipur,2025-02-19,1927.91-2737.18 sqft,"3, 4 BHK Apartment",2,28900000.0,C Scheme,1927.0,14997.405285419094,1.499999250000375,1,0,0
https://www.99acres.com/askg-pinnacle-place-mansarovar-jaipur-npxid-r438214,3.0,Jaipur,2025-02-19,1344-1456 sqft,3 BHK Apartment,2,6182000.0,Mansarovar,1344.0,4599.702377529983,1.499999250000375,1,0,0
https://www.99acres.com/shivam-majestic-jagatpura-jaipur-npxid-r407878,3.0,Jaipur,2025-02-19,1445.36-1932.63 sqft,"3, 4 BHK Apartment",2,7225000.0,Jagatpura,1445.0,4999.999996539792,1.499999250000375,1,0,0
https://www.99acres.com/3-bhk-bedroom-apartment-flat-for-sale-in-godrej-tropical-isle-sector-146-noida-1925-sq-ft-r3-spid-V76331591,3.0,Noida,2025-02-19,1925 sqft,3 BHK Flat,3,29800000.0,Sector 146,1925.0,15480.519472477652,0.9999996666667778,1,0,0
https://www.99acres.com/residential-land-plot-for-sale-in-g-block-sector-44-noida-717-sq-yard-r13-spid-M61426252,0.0,Noida,2025-02-19,6458 sqft,Residential land / Plot,0,45018000.0,Block G Sector 44,6458.0,6970.888818988713,0.0,0,0,1
https://www.99acres.com/ivory-county-sector-115-noida-npxid-r400436,3.0,Noida,2025-02-19,Varies,"3, 4, 5 BHK Apartment",0,29500000.0,Sector 115,,,3000000.0,1,0,0
https://www.99acres.com/godrej-riverine-sector-44-noida-npxid-r431964,3.0,Noida,2025-02-19,Varies,"3, 4 BHK Apartment",0,45018000.0,Sector 44,,,3000000.0,1,0,0
https://www.99acres.com/ats-picturesque-reprieves-sector-152-noida-npxid-r269397,3.0,Noida,2025-02-19,Varies,"3, 4 BHK Apartment",0,25900000.0,Sector 152,,,3000000.0,1,0,0
https://www.99acres.com/godrej-woods-sector-43-noida-npxid-r374312,2.0,Noida,2025-02-19,Varies,"2, 3, 4, 5 BHK Apartment",0,18000000.0,Sector 43,,,2000000.0,1,0,0
https://www.99acres.com/ivy-county-sector-75-noida-npxid-r341813,3.0,Noida,2025-02-19,Varies,"3, 4 BHK Apartment",0,26500000.0,Sector 75,,,3000000.0,1,0,0
https://www.99acres.com/experion-elements-sector-45-noida-npxid-r414339,3.0,Noida,2025-02-19,Varies,"3, 4 BHK Apartment",0,45018000.0,Sector 45,,,3000000.0,1,0,0
https://www.99acres.com/aba-cleo-county-sector-121-noida-npxid-r2274,3.0,Noida,2025-02-19,Varies,"3, 4 BHK Apartment",0,23000000.0,sector 121,,,3000000.0,1,0,0
https://www.99acres.com/m3m-the-cullinan-sector-94-noida-npxid-r410631,3.0,Noida,2025-02-19,Varies,"3, 4, 5 BHK Apartment",0,45018000.0,Sector 94,,,3000000.0,1,0,0
https://www.99acres.com/residential-land-plot-for-sale-in-bihta-patna-133-sq-yard-r4-spid-K71904360,0.0,Patna,2025-02-19,1200 sqft,Residential land / Plot,0,1558000.0,Bihta,1200.0,1298.3333322513888,0.0,0,0,1
https://www.99acres.com/residential-land-plot-for-sale-in-sonepur-patna-267-sq-yard-spid-G79871327,0.0,Patna,2025-02-19,2400 sqft,Residential land / Plot,0,5520000.0,Sonepur,2400.0,2299.999999041667,0.0,0,0,1
https://www.99acres.com/residential-land-plot-for-sale-in-jeoni-mandi-agra-11000-sq-yard-r1-spid-R76308881,0.0,Agra,2w ago,99000 sqft,Residential land / Plot,0,45018000.0,Jeoni Mandi,99000.0,454.7272727226796,0.0,0,0,1
https://www.99acres.com/5-bhk-bedroom-independent-house-villa-for-sale-in-civil-lines-agra-3753-sq-ft-r1-spid-H64272968,5.0,Agra,3w ago,3753 sqft,5 Bedroom House,2,41700000.0,Civil Lines,3753.0,11111.111108150517,2.499998750000625,0,1,0
https://www.99acres.com/3-bhk-bedroom-apartment-flat-for-sale-in-shanker-greens-taj-nagari-agra-1883-sq-ft-spid-A78746085,3.0,Agra,2mo ago,1883 sqft,3 BHK Flat,3,11000000.0,Taj Nagari,1883.0,5841.741898119096,0.9999996666667778,1,0,0
https://www.99acres.com/2-bhk-bedroom-apartment-flat-for-sale-in-shastripuram-agra-968-sq-ft-r1-spid-A76332025,2.0,Agra,2mo ago,968 sqft,2 BHK Flat,2,5200000.0,Shastripuram,968.0,5371.900820896797,0.99999950000025,1,0,0
https://www.99acres.com/3-bhk-bedroom-apartment-flat-for-sale-in-eminent-emerald-residency-dayal-bagh-agra-1705-sq-ft-r4-spid-J65913662,3.0,Agra,2mo ago,1705 sqft,3 BHK Flat,3,8200000.0,Dayal Bagh,1705.0,4809.38416140212,0.9999996666667778,1,0,0
https://www.99acres.com/2-bhk-bedroom-apartment-flat-for-sale-in-maharishi-puram-colony-agra-894-sq-ft-spid-T79980809,2.0,Agra,1mo ago,894 sqft,2 BHK Flat,2,4000000.0,Maharishi Puram Colony,894.0,4474.27292564399,0.99999950000025,1,0,0
https://www.99acres.com/3-bhk-bedroom-independent-house-villa-for-sale-in-dayal-bagh-agra-2367-sq-ft-spid-D79087041,3.0,Agra,2mo ago,2367 sqft,3 Bedroom House,3,31500000.0,Dayal Bagh,2367.0,13307.984785252225,0.9999996666667778,0,1,0
https://www.99acres.com/residential-land-plot-for-sale-in-shastripuram-agra-358-sq-yard-spid-Z78224673,0.0,Agra,3mo ago,3229 sqft,Residential land / Plot,0,25000000.0,Shastripuram,3229.0,7742.33508586487,0.0,0,0,1
https://www.99acres.com/residential-land-plot-for-sale-in-dayal-bagh-agra-1333-sq-yard-spid-E80071237,0.0,Agra,1w ago,11997 sqft,Residential land / Plot,0,27000000.0,Dayal Bagh,11997.0,2250.5626404725713,0.0,0,0,1
https://www.99acres.com/4-bhk-bedroom-independent-house-villa-for-sale-in-nalanda-town-shamshabad-road-agra-1250-sq-ft-spid-O78357211,4.0,Agra,3mo ago,1250 sqft,4 Bedroom House,3,5200000.0,Shamshabad Road,1250.0,4159.999996672,1.333332888889037,0,1,0
https://www.99acres.com/residential-land-plot-for-sale-in-dakamarri-visakhapatnam-400-sq-yard-spid-D79154929,0.0,Visakhapatnam,2025-02-19T04:38:35.432Z,3600 sqft,Residential land / Plot,0,12000000.0,Dakamarri,3600.0,3333.3333324074074,0.0,0,0,1
https://www.99acres.com/4-bhk-bedroom-independent-house-villa-for-sale-in-kommadi-visakhapatnam-2403-sq-ft-r1-spid-B76462667,4.0,Visakhapatnam,2025-02-19T04:38:35.432Z,2403 sqft,4 Bedroom House,4,19500000.0,Kommadi,2403.0,8114.856426086202,0.9999997500000625,0,1,0
https://www.99acres.com/4-bhk-bedroom-independent-house-villa-for-sale-in-maddilapalem-visakhapatnam-2800-sq-ft-spid-Y79147007,4.0,Visakhapatnam,2025-02-19T04:38:35.432Z,2800 sqft,4 Bedroom House,1,12000000.0,Maddilapalem,2800.0,4285.714284183674,3.9999960000040002,0,1,0
https://www.99acres.com/residential-land-plot-for-sale-in-anandapuram-visakhapatnam-400-sq-yard-spid-X79146491,0.0,Visakhapatnam,2025-02-19T04:38:35.432Z,3600 sqft,Residential land / Plot,0,11000000.0,Anandapuram,3600.0,3055.55555470679,0.0,0,0,1
https://www.99acres.com/residential-land-plot-for-sale-in-narsipatnam-visakhapatnam-1258-sq-yard-spid-O79144285,0.0,Visakhapatnam,2025-02-19T04:38:35.432Z,11325 sqft,Residential land / Plot,0,10000000.0,Narsipatnam,11325.0,883.0022074275495,0.0,0,0,1
https://www.99acres.com/residential-land-plot-for-sale-in-sattenapalle-guntur-6534-sq-yard-spid-V79143043,0.0,Guntur,2025-02-19T04:38:35.432Z,58806 sqft,Residential land / Plot,0,10000000.0,Sattenapalle,58806.0,170.05067509828842,0.0,0,0,1
https://www.99acres.com/5-bhk-bedroom-independent-builder-floor-for-sale-in-rtc-colony-kakinada-3000-sq-ft-spid-G79138381,5.0,Kakinada,2025-02-19T04:38:35.432Z,3000 sqft,5 BHK Independent Builder Floor,5,12500000.0,RTC colony,3000.0,4166.666665277778,0.99999980000004,0,0,0
https://www.99acres.com/residential-land-plot-for-sale-in-vizianagaram-800-sq-yard-spid-W79131335,0.0,Vizianagaram,2025-02-19T04:38:35.432Z,7200 sqft,Residential land / Plot,0,16000000.0,Modavalasa,7200.0,2222.22222191358,0.0,0,0,1
https://www.99acres.com/2-bhk-bedroom-independent-house-villa-for-sale-in-sector-9-mvp-colony-visakhapatnam-4500-sq-ft-spid-Q79125923,2.0,Visakhapatnam,2025-02-19T04:38:35.432Z,4500 sqft,2 Bedroom House,2,20000000.0,Sector 9 MVP Colony,4500.0,4444.4444434567895,0.99999950000025,0,1,0
https://www.99acres.com/7-bhk-bedroom-independent-house-villa-for-sale-in-tandur-vikarabad-4338-sq-ft-spid-G79120191,7.0,Vikarabad,2025-02-19T04:38:35.432Z,4338 sqft,7 Bedroom House,5,20000000.0,Tandur,4338.0,4610.419547116086,1.399999720000056,0,1,0
https://www.99acres.com/4-bhk-bedroom-apartment-flat-for-sale-in-sb-city-by-sb-ventures-thimmapuram-kakinada-3900-sq-ft-spid-M79907219,4.0,Kakinada,2025-02-19T04:38:34.048Z,3900 sqft,Flat,3,30000000.0,Thimmapuram,3900.0,7692.307690335306,1.333332888889037,1,0,0
https://www.99acres.com/12-bhk-bedroom-independent-house-villa-for-sale-in-pallamraju-nagar-kakinada-8500-sq-ft-spid-S79358009,7.5,Kakinada,2025-02-19T04:38:34.048Z,8500 sqft,House,5,42000000.0,Pallamraju Nagar,8500.0,4941.17647000692,1.49999970000006,0,1,0
https://www.99acres.com/5-bhk-bedroom-independent-house-villa-for-sale-in-sarpavaram-kakinada-2430-sq-ft-r2-spid-E73411155,5.0,Kakinada,2025-02-19T04:38:34.048Z,2430 sqft,House,4,33000000.0,Sarpavaram,2430.0,13580.246907991668,1.249999687500078,0,1,0
https://www.99acres.com/2-bhk-bedroom-apartment-flat-for-sale-in-cheediga-kakinada-1980-sq-ft-spid-B78290771,2.0,Kakinada,2025-02-19T04:38:34.048Z,1980 sqft,Flat,2,30000000.0,Cheediga,1980.0,15151.51514386287,0.99999950000025,1,0,0
https://www.99acres.com/residential-land-plot-for-sale-in-narasanna-nagar-kakinada-496-sq-yard-spid-S79146237,0.0,Kakinada,2025-02-19T04:38:34.048Z,4464 sqft,Land,0,32500000.0,Narasanna Nagar,4464.0,7280.465948189859,0.0,0,0,1
https://www.99acres.com/10-bhk-bedroom-independent-house-villa-for-sale-in-sarpavaram-kakinada-484-sq-ft-spid-F78756201,7.5,Kakinada,2025-02-19T04:38:34.048Z,484 sqft,House,5,33900000.0,Sarpavaram,484.0,70041.32216933611,1.49999970000006,0,1,0
https://www.99acres.com/4-bhk-bedroom-independent-house-villa-for-sale-in-kakinada-2655-sq-ft-spid-G79250079,4.0,Kakinada,2025-02-19T04:38:34.048Z,2655 sqft,House,5,25000000.0,"SBI Staff Colony, Srinivasa Nagar",2655.0,9416.195853327234,0.799999840000032,0,1,0
https://www.99acres.com/2-bhk-bedroom-independent-house-villa-for-sale-in-ashok-nagar-kakinada-1800-sq-ft-r1-spid-U74770179,2.0,Kakinada,2025-02-19T04:38:34.048Z,1800 sqft,House,3,25000000.0,Ashok Nagar,1800.0,13888.88888117284,0.6666664444445185,0,1,0
https://www.99acres.com/5-bhk-bedroom-independent-house-villa-for-sale-in-ramanayapeta-kakinada-3150-sq-ft-spid-X80181911,5.0,Kakinada,2025-02-19T04:38:34.048Z,3150 sqft,House,5,25000000.0,Ramanayapeta,3150.0,7936.5079339884105,0.99999980000004,0,1,0
https://www.99acres.com/residential-land-plot-for-sale-in-chitrada-kakinada-5179-sq-yard-spid-V79225539,0.0,Kakinada,2025-02-19T04:38:34.048Z,46609 sqft,Land,0,25000000.0,Chitrada,46609.0,536.3770945410462,0.0,0,0,1
https://www.99acres.com/residential-land-plot-for-sale-in-gajuwaka-visakhapatnam-302-sq-yard-spid-I78221397,0.0,Visakhapatnam,3mo ago,2718 sqft,Residential land / Plot,0,30000000.0,Gajuwaka,2718.0,11037.527589758085,0.0,0,0,1
https://www.99acres.com/3-bhk-bedroom-apartment-flat-for-sale-in-kancharapalem-visakhapatnam-1380-sq-ft-r1-spid-U73988533,3.0,Visakhapatnam,3mo ago,1380 sqft,3 BHK Flat,2,7000000.0,Kancharapalem,1380.0,5072.463764440243,1.499999250000375,1,0,0
https://www.99acres.com/residential-land-plot-for-sale-in-anakapalle-visakhapatnam-10503-sq-yard-spid-I78216765,0.0,Visakhapatnam,3mo ago,94525 sqft,Residential land / Plot,0,15100000.0,Anakapalle,94525.0,159.7460989139408,0.0,0,0,1
https://www.99acres.com/2-bhk-bedroom-apartment-flat-for-sale-in-group-apartment-madhurawada-visakhapatnam-980-sq-ft-spid-T78214855,2.0,Visakhapatnam,3mo ago,980 sqft,2 BHK Flat,2,4500000.0,Madhurawada,980.0,4591.83673000833,0.99999950000025,1,0,0
https://www.99acres.com/2-bhk-bedroom-apartment-flat-for-sale-in-pedagantyada-visakhapatnam-920-sq-ft-spid-R78212059,2.0,Visakhapatnam,3mo ago,920 sqft,2 BHK Flat,2,4500000.0,Pedagantyada,920.0,4891.304342509452,0.99999950000025,1,0,0
https://www.99acres.com/residential-land-plot-for-sale-in-bhogapuram-visakhapatnam-167-sq-yard-spid-T78209499,0.0,Visakhapatnam,3mo ago,1503 sqft,Residential land / Plot,0,3000000.0,Bhogapuram,1503.0,1996.00798270392,0.0,0,0,1
https://www.99acres.com/3-bhk-bedroom-apartment-flat-for-sale-in-mvv-city-madhurawada-visakhapatnam-1500-sq-ft-spid-V78208957,3.0,Visakhapatnam,3mo ago,1500 sqft,3 BHK Flat,2,12500000.0,Madhurawada,1500.0,8333.333327777777,1.499999250000375,1,0,0
https://www.99acres.com/2-bhk-bedroom-serviced-apartment-flat-for-sale-in-hema-abodes-twin-bliss-muralinagar-visakhapatnam-1200-sq-ft-spid-I78202793,2.0,Visakhapatnam,3mo ago,1200 sqft,2 BHK Serviced Apartment,2,8500000.0,Muralinagar,1200.0,7083.333327430555,0.99999950000025,1,0,0
https://www.99acres.com/other-residential-property-for-sale-in-narsipatnam-visakhapatnam-740527-sq-ft-spid-O78202453,0.0,Visakhapatnam,3mo ago,740520 sqft,Residential property,0,40000000.0,Narsipatnam,740520.0,54.016096796772516,0.0,0,0,0
https://www.99acres.com/residential-land-plot-for-sale-in-visakhapatnam-160-sq-yard-spid-X78202271,0.0,Visakhapatnam,3mo ago,1440 sqft,Residential land / Plot,0,5500000.0,balacheruvu road,1440.0,3819.444441792052,0.0,0,0,1
https://www.99acres.com/property-rates-and-price-trends-in-sector-92-noida-prffid,2.0,Noida,2025-02-19,sq.ft,Apartment,2,17400.0,Noida Greater Noida Expressway,,,0.99999950000025,1,0,0
https://www.99acres.com/property-rates-and-price-trends-in-sector-144-noida-prffid,3.0,Noida,2025-02-19,sq.ft,Apartment,2,13500.0,Noida Greater Noida Expressway,,,1.499999250000375,1,0,0
https://www.99acres.com/property-rates-and-price-trends-in-sector-75-noida-prffid,3.0,Noida,2025-02-19,sq.ft,Apartment,2,13400.0,Central Noida,,,1.499999250000375,1,0,0
https://www.99acres.com/property-rates-and-price-trends-in-sector-151-noida-prffid,2.0,Noida,2025-02-19,sq.ft,Apartment,2,7250.0,Noida Greater Noida Expressway,,,0.99999950000025,1,0,0
https://www.99acres.com/property-rates-and-price-trends-in-sector-143b-noida-prffid,2.0,Noida,2025-02-19,sq.ft,Apartment,2,12500.0,Noida Greater Noida Expressway,,,0.99999950000025,1,0,0
https://www.99acres.com/property-rates-and-price-trends-in-sector-107-noida-prffid,3.0,Noida,2025-02-19,sq.ft,Apartment,2,14800.0,Noida Greater Noida Expressway,,,1.499999250000375,1,0,0
https://www.99acres.com/property-rates-and-price-trends-in-sector-79-noida-prffid,3.0,Noida,2025-02-19,sq.ft,Apartment,2,13250.0,Central Noida,,,1.499999250000375,1,0,0
https://www.99acres.com/property-rates-and-price-trends-in-sector-133-noida-prffid,2.0,Noida,2025-02-19,sq.ft,Apartment,2,8250.0,Noida Greater Noida Expressway,,,0.99999950000025,1,0,0
https://www.99acres.com/property-rates-and-price-trends-in-sector-152-noida-prffid,2.0,Noida,2025-02-19,sq.ft,Apartment,2,11250.0,Noida Greater Noida Expressway,,,0.99999950000025,1,0,0
https://www.99acres.com/property-rates-and-price-trends-in-sector-108-noida-prffid,3.0,Noida,2025-02-19,sq.ft,Apartment,2,15200.0,Noida Greater Noida Expressway,,,1.499999250000375,1,0,0
https://www.99acres.com/residential-land-plot-for-sale-in-mominpet-hyderabad-240-sq-yard-spid-H79682279,0.0,Hyderabad,2025-01-19,2160 sqft,Residential land / Plot,0,2000000.0,Mominpet,2160.0,925.9259254972566,0.0,0,0,1
https://www.99acres.com/residential-land-plot-for-sale-in-kothur-hyderabad-233-sq-yard-spid-N79160347,0.0,Hyderabad,2025-01-19,2095 sqft,Residential land / Plot,0,3726000.0,Kothur,2095.0,1778.5202855472457,0.0,0,0,1
https://www.99acres.com/residential-land-plot-for-sale-in-nadargul-hyderabad-150-sq-yard-r5-spid-X71362954,0.0,Hyderabad,2025-01-19,1350 sqft,Residential land / Plot,0,5400000.0,Nadargul,1350.0,3999.999997037037,0.0,0,0,1
https://www.99acres.com/3-bhk-bedroom-apartment-flat-for-sale-in-anantula-sai-ashirvad-nagole-hyderabad-1795-sq-ft-spid-M78519325,3.0,Hyderabad,2025-01-19,1795 sqft,3 BHK Flat,3,10500000.0,Nagole,1795.0,5849.58216944313,0.9999996666667778,1,0,0
https://www.99acres.com/3-bhk-bedroom-apartment-flat-for-sale-in-bscpl-bollineni-bion-kondapur-hyderabad-1965-sq-ft-spid-Z80157247,3.0,Hyderabad,2025-01-19,1965 sqft,3 BHK Flat,4,25300000.0,Kondapur,1965.0,12875.318059605435,0.7499998125000469,1,0,0
https://www.99acres.com/2-bhk-bedroom-apartment-flat-for-sale-in-bscpl-bollineni-bion-kondapur-hyderabad-1290-sq-ft-spid-Y80036359,2.0,Hyderabad,2025-01-19,1290 sqft,2 BHK Flat,2,16000000.0,Kondapur,1290.0,12403.10076557899,0.99999950000025,1,0,0
https://www.99acres.com/residential-land-plot-for-sale-in-tellapur-hyderabad-420-sq-yard-spid-Y79542783,0.0,Hyderabad,2025-01-19,3780 sqft,Residential land / Plot,0,45018000.0,Tellapur,3780.0,11909.523806373143,0.0,0,0,1
https://www.99acres.com/residential-land-plot-for-sale-in-bangalore-highway-hyderabad-200-sq-yard-spid-K79368821,0.0,Hyderabad,2025-01-19,1800 sqft,Residential land / Plot,0,5200000.0,Bangalore Highway,1800.0,2888.88888728395,0.0,0,0,1
https://www.99acres.com/residential-land-plot-for-sale-in-bhashyam-rrr-county-shankarpally-hyderabad-185-sq-yard-spid-D79776527,0.0,Hyderabad,2025-01-19,1665 sqft,Residential land / Plot,0,2960000.0,Shankarpally,1665.0,1777.7777767100433,0.0,0,0,1
https://www.99acres.com/residential-land-plot-for-sale-in-nallagandla-hyderabad-430-sq-yard-spid-H79543277,0.0,Hyderabad,2025-01-19,3870 sqft,Residential land / Plot,0,45018000.0,Nallagandla,3870.0,11632.558136529055,0.0,0,0,1
https://www.99acres.com/adityaram-nagar-5-ecr-chennai-south-npxid-r1383,0.0,Chennai,2025-02-19,2400 - 4800 sq.ft.,Land,0,19000000.0,ECR,2400.0,7916.666663368056,0.0,0,0,1
https://www.99acres.com/minerva-sai-darshan-perumbakkam-chennai-south-npxid-r436802,2.0,Chennai,2025-02-19,1165 sq.ft.,2 BHK Apartment,0,7514000.0,Perumbakkam,1165.0,6449.785402189024,2000000.0,1,0,0
https://www.99acres.com/hiranandani-loftline-thaiyur-chennai-south-npxid-r27142,0.0,Chennai,2025-02-19,1200 - 2000 sq.ft.,Land,0,4230000.0,Thaiyur,1200.0,3524.9999970624995,0.0,0,0,1
https://www.99acres.com/dlf-parc-estate-siruseri-chennai-south-npxid-r385441,0.0,Chennai,2025-02-19,0 sq.ft.,Land,0,7600000.0,Siruseri,0.0,7600000000000.0,0.0,0,0,1
https://www.99acres.com/isha-shubham-new-perungalathur-chennai-south-npxid-r402129,2.0,Chennai,2025-02-19,1163 - 1305 sq.ft.,"2, 3 BHK Apartment",0,6513000.0,New perungalathur,1163.0,5600.1719642302905,2000000.0,1,0,0
https://www.99acres.com/elite-akash-garden-kandigai-chennai-south-npxid-r378854,0.0,Chennai,2025-02-19,801 - 1979 sq.ft.,Land,0,2723000.0,Kandigai,801.0,3399.5006199756544,0.0,0,0,1
https://www.99acres.com/vgn-grandeur-iyyappanthangal-chennai-west-npxid-r427423,0.0,Chennai,2025-02-19,497 - 3601 sq.ft.,Land,0,4062000.0,Iyyappanthangal,497.0,8173.038212931513,0.0,0,0,1
https://www.99acres.com/dra-infinique-valasaravakkam-chennai-west-npxid-r419925,3.0,Chennai,2025-02-19,1172 - 1386 sq.ft.,"3, 4 BHK Apartment",0,21200000.0,Valasaravakkam,1172.0,18088.73718593111,3000000.0,1,0,0
https://www.99acres.com/3-bhk-bedroom-apartment-flat-for-sale-in-perungudi-chennai-south-1723-sq-ft-spid-R79451893,3.0,Chennai,2025-02-19,1723 sq.ft.,3 BHK Flat,3,20700000.0,Perungudi,1723.0,12013.929186294876,0.9999996666667778,1,0,0
https://www.99acres.com/residential-land-plot-for-sale-in-dharani-square-maraimalai-nagar-chennai-south-187-sq-yard-r2-spid-X74990473,0.0,Chennai,2025-02-19,1680 sq.ft.,Residential land / Plot,0,4800000.0,"Maraimalai Nagar, GST Road",1680.0,2857.142855442177,0.0,0,0,1
https://www.99acres.com/residential-land-plot-for-sale-in-chirle-navi-mumbai-121-sq-yard-spid-S80043461,0.0,Navi Mumbai,2025-02-19,1089 sqft,Residential land / Plot,0,5.15,Chirle,1089.0,0.0047291092702212035,0.0,0,0,1
https://www.99acres.com/residential-land-plot-for-sale-in-panvel-navi-mumbai-121-sq-yard-spid-Y80121649,0.0,Navi Mumbai,2025-02-19,1089 sqft,Residential land / Plot,0,9.0,Panvel,1089.0,0.008264462802328317,0.0,0,0,1
https://www.99acres.com/1-bhk-bedroom-independent-house-villa-for-sale-in-nalanda-nagar-central-mumbai-suburbs-300-sq-ft-r2-spid-Y61567464,1.0,Mumbai,2025-02-19,300 sqft,1 Bedroom House,1,15.0,Nalanda Nagar,300.0,0.049999999833333336,0.9999990000010001,0,1,0
https://www.99acres.com/1-bhk-bedroom-independent-builder-floor-for-sale-in-south-mumbai-400-sq-ft-spid-Q79837329,1.0,Mumbai,2025-02-19,400 sqft,1 BHK Independent Builder Floor,1,15.0,Badlapur Vangani,400.0,0.03749999990625,0.9999990000010001,0,0,0
https://www.99acres.com/studio-apartment-flat-for-sale-in-mumbai-andheri-dahisar-200-sq-ft-spid-F78213639,1.0,Mumbai,2025-02-19,200 sqft,Studio Apartments / 1 RK Flats,1,9.0,nallasopara,200.0,0.044999999775,0.9999990000010001,1,0,0
https://www.99acres.com/1-bhk-bedroom-independent-house-villa-for-sale-in-santacruz-east-western-mumbai-180-sq-ft-spid-F80308689,1.0,Mumbai,2025-02-19,180 sqft,1 Bedroom House,1,15.0,Santacruz East,180.0,0.08333333287037037,0.9999990000010001,0,1,0
https://www.99acres.com/1-bhk-bedroom-apartment-flat-for-sale-in-malad-west-mumbai-andheri-dahisar-200-sq-ft-spid-Y80284943,1.0,Mumbai,2025-02-19,200 sqft,1 BHK Flat,1,13.0,Malad West,200.0,0.064999999675,0.9999990000010001,1,0,0
https://www.99acres.com/1-bhk-bedroom-independent-builder-floor-for-sale-in-asalpha-central-mumbai-suburbs-100-sq-ft-spid-I80257293,1.0,Mumbai,2025-02-19,100 sqft,1 BHK Independent Builder Floor,1,13.0,Asalpha,100.0,0.1299999987,0.9999990000010001,0,0,0
https://www.99acres.com/1-bhk-bedroom-independent-builder-floor-for-sale-in-kandivali-east-mumbai-andheri-dahisar-360-sq-ft-spid-R80142791,1.0,Mumbai,2025-02-19,360 sqft,1 BHK Independent Builder Floor,1,11.5,Kandivali East,360.0,0.031944444355709874,0.9999990000010001,0,0,0
https://www.99acres.com/1-bhk-bedroom-independent-house-villa-for-sale-in-kandivali-west-mumbai-andheri-dahisar-340-sq-ft-spid-V80094569,1.0,Mumbai,2025-02-19,340 sqft,1 Bedroom House,1,12.0,Kandivali West,340.0,0.035294117543252596,0.9999990000010001,0,1,0
https://www.99acres.com/3-bhk-bedroom-apartment-flat-for-sale-in-kundan-eternia-2-ghorpadi-pune-1510-sq-ft-spid-B79570853,3.0,Pune,2025-02-18,1510 sqft,Residential apartment,3,16000000.0,Ghorpadi,1510.0,10596.026483048989,0.9999996666667778,1,0,0
https://www.99acres.com/2-bhk-bedroom-apartment-flat-for-sale-in-sinhgad-road-pune-1075-sq-ft-spid-A79425559,2.0,Pune,2025-01-19,1075 sqft,Residential apartment,2,13000000.0,Sinhgad Road,1075.0,12093.023244564629,0.99999950000025,1,0,0
https://www.99acres.com/3-bhk-bedroom-apartment-flat-for-sale-in-godrej-prana-undri-pune-south-1150-sq-ft-spid-C76644695,3.0,Pune,2025-02-05,1150 sqft,Residential apartment,2,9500000.0,Undri,1150.0,8260.869558034026,1.499999250000375,1,0,0
https://www.99acres.com/2-bhk-bedroom-apartment-flat-for-sale-in-shapoorji-joyville-sensorium-hinjewadi-pune-710-sq-ft-spid-T77568443,2.0,Pune,2025-01-19,710 sqft,Residential apartment,2,8700000.0,Hinjewadi,710.0,12253.521109502082,0.99999950000025,1,0,0
https://www.99acres.com/3-bhk-bedroom-apartment-flat-for-sale-in-vtp-cygnus-manjari-khurd-pune-840-sq-ft-spid-E79181215,3.0,Pune,2025-01-19,840 sqft,Residential apartment,3,10000000.0,Manjari Khurd,840.0,11904.761890589569,0.9999996666667778,1,0,0
https://www.99acres.com/2-bhk-bedroom-apartment-flat-for-sale-in-punawale-pune-west-690-sq-ft-spid-D79740105,2.0,Pune,2025-02-13,690 sqft,Residential apartment,2,6500000.0,Punawale,690.0,9420.28984141987,0.99999950000025,1,0,0
https://www.99acres.com/6-bhk-bedroom-independent-house-villa-for-sale-in-katraj-pune-840-sq-ft-spid-T76240347,6.0,Pune,2025-01-19,840 sqft,Independent House/Villa,5,13500000.0,Katraj,840.0,16071.428552295918,1.199999760000048,0,1,0
https://www.99acres.com/1-bhk-bedroom-apartment-flat-for-sale-in-amrutvel-greens-kirkatwadi-pune-640-sq-ft-spid-M77933479,1.0,Pune,2025-02-17,640 sqft,Residential apartment,1,3500000.0,Kirkatwadi,640.0,5468.749991455078,0.9999990000010001,1,0,0
https://www.99acres.com/3-bhk-bedroom-apartment-flat-for-sale-in-godrej-hillside-mahalunge-pune-878-sq-ft-spid-V80127563,3.0,Pune,2025-02-12,878 sqft,Residential apartment,3,12000000.0,Mahalunge,878.0,13667.425952542795,0.9999996666667778,1,0,0
